,image_name
0,imgs-00001.jpg
1,imgs-00002.jpg
2,imgs-00003.jpg
3,imgs-00004.jpg
4,imgs-00005.jpg
5,imgs-00006.jpg
6,imgs-00007.jpg
7,imgs-00008.jpg
8,imgs-00009.jpg
9,imgs-00010.jpg
10,imgs-00011.jpg
11,imgs-00012.jpg
12,imgs-00013.jpg
13,imgs-00014.jpg
14,imgs-00015.jpg
15,imgs-00016.jpg
16,imgs-00017.jpg
17,imgs-00018.jpg
18,imgs-00019.jpg
19,imgs-00020.jpg
20,imgs-00021.jpg
21,imgs-00022.jpg
22,imgs-00023.jpg
23,imgs-00024.jpg
24,imgs-00025.jpg
25,imgs-00026.jpg
26,imgs-00027.jpg
27,imgs-00028.jpg
28,imgs-00029.jpg
29,imgs-00030.jpg
30,imgs-00031.jpg
31,imgs-00032.jpg
32,imgs-00033.jpg
33,imgs-00034.jpg
34,imgs-00035.jpg
35,imgs-00036.jpg
36,imgs-00037.jpg
37,imgs-00038.jpg
38,imgs-00039.jpg
39,imgs-00040.jpg
40,imgs-00041.jpg
41,imgs-00042.jpg
42,imgs-00043.jpg
43,imgs-00044.jpg
44,imgs-00045.jpg
45,imgs-00046.jpg
46,imgs-00047.jpg
47,imgs-00048.jpg
48,imgs-00049.jpg
49,imgs-00050.jpg
50,imgs-00051.jpg
51,imgs-00052.jpg
52,imgs-00053.jpg
53,imgs-00054.jpg
54,imgs-00055.jpg
55,imgs-00056.jpg
56,imgs-00057.jpg
57,imgs-00058.jpg
58,imgs-00059.jpg
59,imgs-00060.jpg
60,imgs-00061.jpg
61,imgs-00062.jpg
62,imgs-00063.jpg
63,imgs-00064.jpg
64,imgs-00065.jpg
65,imgs-00066.jpg
66,imgs-00067.jpg
67,imgs-00068.jpg
68,imgs-00069.jpg
69,imgs-00070.jpg
70,imgs-00071.jpg
71,imgs-00072.jpg
72,imgs-00073.jpg
73,imgs-00074.jpg
74,imgs-00075.jpg
75,imgs-00076.jpg
76,imgs-00077.jpg
77,imgs-00078.jpg
78,imgs-00079.jpg
79,imgs-00080.jpg
80,imgs-00081.jpg
81,imgs-00082.jpg
82,imgs-00083.jpg
83,imgs-00084.jpg
84,imgs-00085.jpg
85,imgs-00086.jpg
86,imgs-00087.jpg
87,imgs-00088.jpg
88,imgs-00089.jpg
89,imgs-00090.jpg
90,imgs-00091.jpg
91,imgs-00092.jpg
92,imgs-00093.jpg
93,imgs-00094.jpg
94,imgs-00095.jpg
95,imgs-00096.jpg
96,imgs-00097.jpg
97,imgs-00098.jpg
98,imgs-00099.jpg
99,imgs-00100.jpg
100,imgs-00101.jpg
101,imgs-00185.jpg
102,imgs-00186.jpg
103,imgs-00187.jpg
104,imgs-00188.jpg
105,imgs-00189.jpg
106,imgs-00192.jpg
107,imgs-00193.jpg
108,imgs-00194.jpg
109,imgs-00195.jpg
110,imgs-00196.jpg
111,imgs-00197.jpg
112,imgs-00198.jpg
113,imgs-00199.jpg
114,imgs-00200.jpg
115,imgs-00201.jpg
116,imgs-00202.jpg
117,imgs-00203.jpg
118,imgs-00204.jpg
119,imgs-00217.jpg
120,imgs-00218.jpg
121,imgs-00238.jpg
122,imgs-00329.jpg
123,imgs-00330.jpg
124,imgs-00381.jpg
125,imgs-00382.jpg
126,imgs-00383.jpg
127,imgs-00384.jpg
128,imgs-00385.jpg
129,imgs-00386.jpg
130,imgs-00387.jpg
131,imgs-00388.jpg
132,imgs-00389.jpg
133,imgs-00390.jpg
134,imgs-00391.jpg
135,imgs-00392.jpg
136,imgs-00393.jpg
137,imgs-00394.jpg
138,imgs-00395.jpg
139,imgs-00396.jpg
140,imgs-00397.jpg
141,imgs-00398.jpg
142,imgs-00399.jpg
143,imgs-00400.jpg
144,imgs-00401.jpg
145,imgs-00402.jpg
146,imgs-00403.jpg
147,imgs-00404.jpg
148,imgs-00405.jpg
149,imgs-00406.jpg
150,imgs-00407.jpg
151,imgs-00408.jpg
152,imgs-00409.jpg
153,imgs-00410.jpg
154,imgs-00411.jpg
155,imgs-00412.jpg
156,imgs-00413.jpg
157,imgs-00414.jpg
158,imgs-00415.jpg
159,imgs-00416.jpg
160,imgs-00417.jpg
161,imgs-00418.jpg
162,imgs-00419.jpg
163,imgs-00420.jpg
164,imgs-00421.jpg
165,imgs-00422.jpg
166,imgs-00423.jpg
167,imgs-00424.jpg
168,imgs-00425.jpg
169,imgs-00426.jpg
170,imgs-00427.jpg
171,imgs-00428.jpg
172,imgs-00429.jpg
173,imgs-00430.jpg
174,imgs-00431.jpg
175,imgs-00432.jpg
176,imgs-00436.jpg
177,imgs-00437.jpg
178,imgs-00438.jpg
179,imgs-00439.jpg
180,imgs-00440.jpg
181,imgs-00441.jpg
182,imgs-00442.jpg
183,imgs-00443.jpg
184,imgs-00444.jpg
185,imgs-00445.jpg
186,imgs-00446.jpg
187,imgs-00447.jpg
188,imgs-00448.jpg
189,imgs-00449.jpg
190,imgs-00450.jpg
191,imgs-00451.jpg
192,imgs-00452.jpg
193,imgs-00453.jpg
194,imgs-00454.jpg
195,imgs-00455.jpg
196,imgs-00456.jpg
197,imgs-00457.jpg
198,imgs-00458.jpg
199,imgs-00459.jpg
200,imgs-00460.jpg
201,imgs-00461.jpg
202,imgs-00462.jpg
203,imgs-00463.jpg
204,imgs-00464.jpg
205,imgs-00465.jpg
206,imgs-00466.jpg
207,imgs-00467.jpg
208,imgs-00468.jpg
209,imgs-00469.jpg
210,imgs-00470.jpg
211,imgs-00471.jpg
212,imgs-00472.jpg
213,imgs-00473.jpg
214,imgs-00474.jpg
215,imgs-00475.jpg
216,imgs-00591.jpg
217,imgs-00592.jpg
218,imgs-00593.jpg
219,imgs-00594.jpg
220,imgs-00595.jpg
221,imgs-00596.jpg
222,imgs-00597.jpg
223,imgs-00598.jpg
224,imgs-00599.jpg
225,imgs-00600.jpg
226,imgs-00615.jpg
227,imgs-00616.jpg
228,imgs-00623.jpg
229,imgs-00624.jpg
230,imgs-00625.jpg
231,imgs-00640.jpg
232,imgs-00641.jpg
233,imgs-00642.jpg
234,imgs-00643.jpg
235,imgs-00644.jpg
236,imgs-00645.jpg
237,imgs-00646.jpg
238,imgs-00647.jpg
239,imgs-00648.jpg
240,imgs-00649.jpg
241,imgs-00650.jpg
242,imgs-00651.jpg
243,imgs-00652.jpg
244,imgs-00653.jpg
245,imgs-00654.jpg
246,imgs-00655.jpg
247,imgs-00656.jpg
248,imgs-00657.jpg
249,imgs-00658.jpg
250,imgs-00659.jpg
251,imgs-00660.jpg
252,imgs-00661.jpg
253,imgs-00662.jpg
254,imgs-00663.jpg
255,imgs-00664.jpg
256,imgs-00665.jpg
257,imgs-00666.jpg
258,imgs-00667.jpg
259,imgs-00668.jpg
260,imgs-00669.jpg
261,imgs-00670.jpg
262,imgs-00685.jpg
263,imgs-00686.jpg
264,imgs-00687.jpg
265,imgs-00688.jpg
266,imgs-00689.jpg
267,imgs-00954.jpg
268,imgs-00960.jpg
269,imgs-00961.jpg
270,imgs-01329.jpg
271,imgs-01330.jpg
272,imgs-01331.jpg
273,imgs-01332.jpg
274,imgs-01333.jpg
275,imgs-01334.jpg
276,imgs-01335.jpg
277,imgs-01336.jpg
278,imgs-01337.jpg
279,imgs-01338.jpg
280,imgs-01339.jpg
281,imgs-01340.jpg
282,imgs-01341.jpg
283,imgs-01342.jpg
284,imgs-01343.jpg
285,imgs-01344.jpg
286,imgs-01345.jpg
287,imgs-01346.jpg
288,imgs-01347.jpg
289,imgs-01348.jpg
290,imgs-01349.jpg
291,imgs-01350.jpg
292,imgs-01351.jpg
293,imgs-01352.jpg
294,imgs-01353.jpg
295,imgs-01354.jpg
296,imgs-01355.jpg
297,imgs-01356.jpg
298,imgs-01357.jpg
299,imgs-01358.jpg
300,imgs-01359.jpg
301,imgs-01360.jpg
302,imgs-01361.jpg
303,imgs-01362.jpg
304,imgs-01363.jpg
305,imgs-01364.jpg
306,imgs-01365.jpg
307,imgs-01366.jpg
308,imgs-01367.jpg
309,imgs-01368.jpg
310,imgs-01369.jpg
311,imgs-01370.jpg
312,imgs-01371.jpg
313,imgs-01372.jpg
314,imgs-01373.jpg
315,imgs-01374.jpg
316,imgs-01375.jpg
317,imgs-01376.jpg
318,imgs-01377.jpg
319,imgs-01378.jpg
320,imgs-01638.jpg
321,imgs-01639.jpg
322,imgs-01645.jpg
323,imgs-01646.jpg
324,imgs-01669.jpg
325,imgs-01670.jpg
326,imgs-01671.jpg
327,imgs-01672.jpg
328,imgs-01673.jpg
329,imgs-01674.jpg
330,imgs-01675.jpg
331,imgs-01676.jpg
332,imgs-01677.jpg
333,imgs-01678.jpg
334,imgs-01679.jpg
335,imgs-01680.jpg
336,imgs-01681.jpg
337,imgs-01682.jpg
338,imgs-01683.jpg
339,imgs-01684.jpg
340,imgs-01685.jpg
341,imgs-01686.jpg
342,imgs-01687.jpg
343,imgs-01688.jpg
344,imgs-01689.jpg
345,imgs-01690.jpg
346,imgs-01691.jpg
347,imgs-01692.jpg
348,imgs-01693.jpg
349,imgs-01694.jpg
350,imgs-01695.jpg
351,imgs-01696.jpg
352,imgs-01697.jpg
353,imgs-01698.jpg
354,imgs-01699.jpg
355,imgs-01700.jpg
356,imgs-01701.jpg
357,imgs-01702.jpg
358,imgs-01703.jpg
359,imgs-01704.jpg
360,imgs-01735.jpg
361,imgs-01736.jpg
362,imgs-01737.jpg
363,imgs-01739.jpg
364,imgs-01740.jpg
365,imgs-01742.jpg
366,imgs-01744.jpg
367,imgs-01747.jpg
368,imgs-01751.jpg
369,imgs-01754.jpg
370,imgs-01762.jpg
371,imgs-01763.jpg
372,imgs-01764.jpg
373,imgs-01765.jpg
374,imgs-01766.jpg
375,imgs-01767.jpg
376,imgs-01768.jpg
377,imgs-01769.jpg
378,imgs-01770.jpg
379,imgs-01771.jpg
380,imgs-01772.jpg
381,imgs-01773.jpg
382,imgs-01774.jpg
383,imgs-01775.jpg
384,imgs-01776.jpg
385,imgs-01777.jpg
386,imgs-01778.jpg
387,imgs-01779.jpg
388,imgs-01780.jpg
389,imgs-01781.jpg
390,imgs-01782.jpg
391,imgs-01783.jpg
392,imgs-01784.jpg
393,imgs-01785.jpg
394,imgs-01786.jpg
395,imgs-01787.jpg
396,imgs-01795.jpg
397,imgs-01796.jpg
398,imgs-01797.jpg
399,imgs-01798.jpg
400,imgs-01799.jpg
401,imgs-01800.jpg
402,imgs-01801.jpg
403,imgs-01802.jpg
404,imgs-01803.jpg
405,imgs-01804.jpg
406,imgs-01805.jpg
407,imgs-01847.jpg
408,imgs-01848.jpg
409,imgs-01849.jpg
410,imgs-01850.jpg
411,imgs-01851.jpg
412,imgs-01852.jpg
413,imgs-01853.jpg
414,imgs-01854.jpg
415,imgs-01856.jpg
416,imgs-01890.jpg
417,imgs-01892.jpg
418,imgs-01913.jpg
419,imgs-01914.jpg
420,imgs-01915.jpg
421,imgs-01916.jpg
422,imgs-01917.jpg
423,imgs-01918.jpg
424,imgs-01919.jpg
425,imgs-01920.jpg
426,imgs-01922.jpg
427,imgs-01923.jpg
428,imgs-01924.jpg
429,imgs-01925.jpg
430,imgs-01926.jpg
431,imgs-01927.jpg
432,imgs-01928.jpg
433,imgs-01934.jpg
434,imgs-01935.jpg
435,imgs-01936.jpg
436,imgs-01937.jpg
437,imgs-01938.jpg
438,imgs-01939.jpg
439,imgs-01940.jpg
440,imgs-01941.jpg
441,imgs-01967.jpg
442,imgs-01968.jpg
443,imgs-01969.jpg
444,imgs-01970.jpg
445,imgs-01971.jpg
446,imgs-01972.jpg
447,imgs-01979.jpg
448,imgs-01982.jpg
449,imgs-02000.jpg
450,imgs-02026.jpg
451,imgs-02030.jpg
452,imgs-02031.jpg
453,imgs-02033.jpg
454,imgs-02036.jpg
455,imgs-02038.jpg
456,imgs-02040.jpg
457,imgs-02043.jpg
458,imgs-02047.jpg
459,imgs-02069.jpg
460,imgs-02070.jpg
461,imgs-02071.jpg
462,imgs-02072.jpg
463,imgs-02073.jpg
464,imgs-02074.jpg
465,imgs-02075.jpg
466,imgs-02083.jpg
467,imgs-02084.jpg
468,imgs-02096.jpg
469,imgs-02103.jpg
470,imgs-02104.jpg
471,imgs-02105.jpg
472,imgs-02106.jpg
473,imgs-02107.jpg
474,imgs-02108.jpg
475,imgs-02109.jpg
476,imgs-02110.jpg
477,imgs-02111.jpg
478,imgs-02112.jpg
479,imgs-02113.jpg
480,imgs-02114.jpg
481,imgs-02115.jpg
482,imgs-02116.jpg
483,imgs-02117.jpg
484,imgs-02118.jpg
485,imgs-02119.jpg
486,imgs-02120.jpg
487,imgs-02121.jpg
488,imgs-02122.jpg
489,imgs-02123.jpg
490,imgs-02124.jpg
491,imgs-02125.jpg
492,imgs-02126.jpg
493,imgs-02127.jpg
494,imgs-02128.jpg
495,imgs-02129.jpg
496,imgs-02130.jpg
497,imgs-02131.jpg
498,imgs-02132.jpg
499,imgs-02133.jpg
500,imgs-02134.jpg
501,imgs-02135.jpg
502,imgs-02136.jpg
503,imgs-02137.jpg
504,imgs-02138.jpg
505,imgs-02139.jpg
506,imgs-02140.jpg
507,imgs-02141.jpg
508,imgs-02142.jpg
509,imgs-02143.jpg
510,imgs-02144.jpg
511,imgs-02145.jpg
512,imgs-02146.jpg
513,imgs-02147.jpg
514,imgs-02161.jpg
515,imgs-02162.jpg
516,imgs-02163.jpg
517,imgs-02164.jpg
518,imgs-02165.jpg
519,imgs-02166.jpg
520,imgs-02167.jpg
521,imgs-02168.jpg
522,imgs-02169.jpg
523,imgs-02170.jpg
524,imgs-02171.jpg
525,imgs-02172.jpg
526,imgs-02173.jpg
527,imgs-02181.jpg
528,imgs-02182.jpg
529,imgs-02183.jpg
530,imgs-02184.jpg
531,imgs-02185.jpg
532,imgs-02186.jpg
533,imgs-02196.jpg
534,imgs-02197.jpg
535,imgs-02198.jpg
536,imgs-02199.jpg
537,imgs-02200.jpg
538,imgs-02201.jpg
539,imgs-02202.jpg
540,imgs-02203.jpg
541,imgs-02204.jpg
542,imgs-02205.jpg
543,imgs-02206.jpg
544,imgs-02207.jpg
545,imgs-02208.jpg
546,imgs-02209.jpg
547,imgs-02210.jpg
548,imgs-02211.jpg
549,imgs-02212.jpg
550,imgs-02213.jpg
551,imgs-02214.jpg
552,imgs-02215.jpg
553,imgs-02216.jpg
554,imgs-02217.jpg
555,imgs-02218.jpg
556,imgs-02219.jpg
557,imgs-02220.jpg
558,imgs-02221.jpg
559,imgs-02222.jpg
560,imgs-02223.jpg
561,imgs-02224.jpg
562,imgs-02225.jpg
563,imgs-02226.jpg
564,imgs-02227.jpg
565,imgs-02228.jpg
566,imgs-02229.jpg
567,imgs-02230.jpg
568,imgs-02231.jpg
569,imgs-02232.jpg
570,imgs-02233.jpg
571,imgs-02234.jpg
572,imgs-02235.jpg
573,imgs-02236.jpg
574,imgs-02237.jpg
575,imgs-02238.jpg
576,imgs-02239.jpg
577,imgs-02240.jpg
578,imgs-02241.jpg
579,imgs-02242.jpg
580,imgs-02243.jpg
581,imgs-02244.jpg
582,imgs-02245.jpg
583,imgs-02246.jpg
584,imgs-02247.jpg
585,imgs-02248.jpg
586,imgs-02249.jpg
587,imgs-02250.jpg
588,imgs-02251.jpg
589,imgs-02252.jpg
590,imgs-02253.jpg
591,imgs-02254.jpg
592,imgs-02255.jpg
593,imgs-02256.jpg
594,imgs-02257.jpg
595,imgs-02258.jpg
596,imgs-02259.jpg
597,imgs-02260.jpg
598,imgs-02261.jpg
599,imgs-02269.jpg
600,imgs-02270.jpg
601,imgs-02271.jpg
602,imgs-02272.jpg
603,imgs-02273.jpg
604,imgs-02274.jpg
605,imgs-02275.jpg
606,imgs-02276.jpg
607,imgs-02279.jpg
608,imgs-02280.jpg
609,imgs-02281.jpg
610,imgs-02282.jpg
611,imgs-02283.jpg
612,imgs-02290.jpg
613,imgs-02291.jpg
614,imgs-02292.jpg
615,imgs-02293.jpg
616,imgs-02294.jpg
617,imgs-02295.jpg
618,imgs-02296.jpg
619,imgs-02297.jpg
620,imgs-02298.jpg
621,imgs-02299.jpg
622,imgs-02300.jpg
623,imgs-02301.jpg
624,imgs-02302.jpg
625,imgs-02303.jpg
626,imgs-02304.jpg
627,imgs-02305.jpg
628,imgs-02306.jpg
629,imgs-02307.jpg
630,imgs-02308.jpg
631,imgs-02309.jpg
632,imgs-02310.jpg
633,imgs-02311.jpg
634,imgs-02312.jpg
635,imgs-02313.jpg
636,imgs-02314.jpg
637,imgs-02315.jpg
638,imgs-02316.jpg
639,imgs-02317.jpg
640,imgs-02318.jpg
641,imgs-02319.jpg
642,imgs-02320.jpg
643,imgs-02321.jpg
644,imgs-02322.jpg
645,imgs-02323.jpg
646,imgs-02324.jpg
647,imgs-02325.jpg
648,imgs-02326.jpg
649,imgs-02327.jpg
650,imgs-02328.jpg
651,imgs-02329.jpg
652,imgs-02330.jpg
653,imgs-02331.jpg
654,imgs-02332.jpg
655,imgs-02333.jpg
656,imgs-02334.jpg
657,imgs-02335.jpg
658,imgs-02336.jpg
659,imgs-02337.jpg
660,imgs-02338.jpg
661,imgs-02339.jpg
662,imgs-02340.jpg
663,imgs-02341.jpg
664,imgs-02342.jpg
665,imgs-02343.jpg
666,imgs-02344.jpg
667,imgs-02345.jpg
668,imgs-02346.jpg
669,imgs-02347.jpg
670,imgs-02348.jpg
671,imgs-02349.jpg
672,imgs-02374.jpg
673,imgs-02375.jpg
674,imgs-02376.jpg
675,imgs-02377.jpg
676,imgs-02382.jpg
677,imgs-02398.jpg
678,imgs-02399.jpg
679,imgs-02400.jpg
680,imgs-02401.jpg
681,imgs-02402.jpg
682,imgs-02403.jpg
683,imgs-02404.jpg
684,imgs-02405.jpg
685,imgs-02406.jpg
686,imgs-02407.jpg
687,imgs-02408.jpg
688,imgs-02409.jpg
689,imgs-02410.jpg
690,imgs-02411.jpg
691,imgs-02412.jpg
692,imgs-02413.jpg
693,imgs-02414.jpg
694,imgs-02415.jpg
695,imgs-02426.jpg
696,imgs-02427.jpg
697,imgs-02428.jpg
698,imgs-02429.jpg
699,imgs-02430.jpg
700,imgs-02431.jpg
701,imgs-02432.jpg
702,imgs-02433.jpg
703,imgs-02434.jpg
704,imgs-02435.jpg
705,imgs-02436.jpg
706,imgs-02437.jpg
707,imgs-02438.jpg
708,imgs-02439.jpg
709,imgs-02440.jpg
710,imgs-02441.jpg
711,imgs-02442.jpg
712,imgs-02443.jpg
713,imgs-02444.jpg
714,imgs-02445.jpg
715,imgs-02446.jpg
716,imgs-02447.jpg
717,imgs-02448.jpg
718,imgs-02449.jpg
719,imgs-02453.jpg
720,imgs-02454.jpg
721,imgs-02455.jpg
722,imgs-02456.jpg
723,imgs-02458.jpg
724,imgs-02459.jpg
725,imgs-02464.jpg
726,imgs-02466.jpg
727,imgs-02471.jpg
728,imgs-02475.jpg
729,imgs-02481.jpg
730,imgs-02482.jpg
731,imgs-02483.jpg
732,imgs-02484.jpg
733,imgs-02485.jpg
734,imgs-02486.jpg
735,imgs-02487.jpg
736,imgs-02488.jpg
737,imgs-02489.jpg
738,imgs-02490.jpg
739,imgs-02491.jpg
740,imgs-02492.jpg
741,imgs-02493.jpg
742,imgs-02494.jpg
743,imgs-02495.jpg
744,imgs-02496.jpg
745,imgs-02497.jpg
746,imgs-02498.jpg
747,imgs-02510.jpg
748,imgs-02511.jpg
749,imgs-02519.jpg
750,imgs-02523.jpg
751,imgs-02538.jpg
752,imgs-02539.jpg
753,imgs-02540.jpg
754,imgs-02541.jpg
755,imgs-02542.jpg
756,imgs-02543.jpg
757,imgs-02544.jpg
758,imgs-02545.jpg
759,imgs-02546.jpg
760,imgs-02547.jpg
761,imgs-02566.jpg
762,imgs-02567.jpg
763,imgs-02568.jpg
764,imgs-02569.jpg
765,imgs-02597.jpg
766,imgs-02603.jpg
767,imgs-02611.jpg
768,imgs-02613.jpg
769,imgs-02615.jpg
770,imgs-02616.jpg
771,imgs-02623.jpg
772,imgs-02630.jpg
773,imgs-02631.jpg
774,imgs-02632.jpg
775,imgs-02633.jpg
776,imgs-02634.jpg
777,imgs-02662.jpg
778,imgs-02663.jpg
779,imgs-02664.jpg
780,imgs-02665.jpg
781,imgs-02666.jpg
782,imgs-02667.jpg
783,imgs-02671.jpg
784,imgs-02675.jpg
785,imgs-02676.jpg
786,imgs-02678.jpg
787,imgs-02679.jpg
788,imgs-02680.jpg
789,imgs-02681.jpg
790,imgs-02687.jpg
791,imgs-02688.jpg
792,imgs-02689.jpg
793,imgs-02690.jpg
794,imgs-02691.jpg
795,imgs-02692.jpg
796,imgs-02693.jpg
797,imgs-02694.jpg
798,imgs-02695.jpg
799,imgs-02696.jpg
800,imgs-02697.jpg
801,imgs-02698.jpg
802,imgs-02699.jpg
803,imgs-02700.jpg
804,imgs-02709.jpg
805,imgs-02710.jpg
806,imgs-02711.jpg
807,imgs-02712.jpg
808,imgs-02713.jpg
809,imgs-02714.jpg
810,imgs-02715.jpg
811,imgs-02716.jpg
812,imgs-02717.jpg
813,imgs-02718.jpg
814,imgs-02719.jpg
815,imgs-02720.jpg
816,imgs-02721.jpg
817,imgs-02722.jpg
818,imgs-02723.jpg
819,imgs-02724.jpg
820,imgs-02725.jpg
821,imgs-02726.jpg
822,imgs-02727.jpg
823,imgs-02728.jpg
824,imgs-02729.jpg
825,imgs-02730.jpg
826,imgs-02731.jpg
827,imgs-02732.jpg
828,imgs-02733.jpg
829,imgs-02734.jpg
830,imgs-02735.jpg
831,imgs-02736.jpg
832,imgs-02745.jpg
833,imgs-02746.jpg
834,imgs-02747.jpg
835,imgs-02748.jpg
836,imgs-02749.jpg
837,imgs-02750.jpg
838,imgs-02751.jpg
839,imgs-02752.jpg
840,imgs-02753.jpg
841,imgs-02754.jpg
842,imgs-02755.jpg
843,imgs-02756.jpg
844,imgs-02757.jpg
845,imgs-02758.jpg
846,imgs-02759.jpg
847,imgs-02760.jpg
848,imgs-02761.jpg
849,imgs-02762.jpg
850,imgs-02763.jpg
851,imgs-02764.jpg
852,imgs-02765.jpg
853,imgs-02767.jpg
854,imgs-02768.jpg
855,imgs-02769.jpg
856,imgs-02770.jpg
857,imgs-02771.jpg
858,imgs-02772.jpg
859,imgs-02773.jpg
860,imgs-02774.jpg
861,imgs-02775.jpg
862,imgs-02776.jpg
863,imgs-02777.jpg
864,imgs-02778.jpg
865,imgs-02779.jpg
866,imgs-02780.jpg
867,imgs-02781.jpg
868,imgs-02782.jpg
869,imgs-02783.jpg
870,imgs-02784.jpg
871,imgs-02785.jpg
872,imgs-02786.jpg
873,imgs-02787.jpg
874,imgs-02788.jpg
875,imgs-02789.jpg
876,imgs-02790.jpg
877,imgs-02791.jpg
878,imgs-02792.jpg
879,imgs-02793.jpg
880,imgs-02794.jpg
881,imgs-02795.jpg
882,imgs-02796.jpg
883,imgs-02797.jpg
884,imgs-02798.jpg
885,imgs-02799.jpg
886,imgs-02800.jpg
887,imgs-02801.jpg
888,imgs-02802.jpg
889,imgs-02803.jpg
890,imgs-02804.jpg
891,imgs-02805.jpg
892,imgs-02806.jpg
893,imgs-02807.jpg
894,imgs-02808.jpg
895,imgs-02809.jpg
896,imgs-02810.jpg
897,imgs-02811.jpg
898,imgs-02812.jpg
899,imgs-02813.jpg
900,imgs-02814.jpg
901,imgs-02815.jpg
902,imgs-02816.jpg
903,imgs-02817.jpg
904,imgs-02818.jpg
905,imgs-02819.jpg
906,imgs-02820.jpg
907,imgs-02821.jpg
908,imgs-02822.jpg
909,imgs-02823.jpg
910,imgs-02824.jpg
911,imgs-02825.jpg
912,imgs-02826.jpg
913,imgs-02827.jpg
914,imgs-02828.jpg
915,imgs-02829.jpg
916,imgs-02830.jpg
917,imgs-02831.jpg
918,imgs-02832.jpg
919,imgs-02833.jpg
920,imgs-02834.jpg
921,imgs-02835.jpg
922,imgs-02836.jpg
923,imgs-02837.jpg
924,imgs-02838.jpg
925,imgs-02839.jpg
926,imgs-02840.jpg
927,imgs-02841.jpg
928,imgs-02842.jpg
929,imgs-02843.jpg
930,imgs-02844.jpg
931,imgs-02845.jpg
932,imgs-02846.jpg
933,imgs-02847.jpg
934,imgs-02848.jpg
935,imgs-02849.jpg
936,imgs-02850.jpg
937,imgs-02851.jpg
938,imgs-02852.jpg
939,imgs-02853.jpg
940,imgs-02854.jpg
941,imgs-02855.jpg
942,imgs-02856.jpg
943,imgs-02857.jpg
944,imgs-02858.jpg
945,imgs-02859.jpg
946,imgs-02860.jpg
947,imgs-02861.jpg
948,imgs-02862.jpg
949,imgs-02863.jpg
950,imgs-02864.jpg
951,imgs-02865.jpg
952,imgs-02866.jpg
953,imgs-02867.jpg
954,imgs-02868.jpg
955,imgs-02869.jpg
956,imgs-02870.jpg
957,imgs-02871.jpg
958,imgs-02872.jpg
959,imgs-02873.jpg
960,imgs-02874.jpg
961,imgs-02875.jpg
962,imgs-02876.jpg
963,imgs-02877.jpg
964,imgs-02878.jpg
965,imgs-02879.jpg
966,imgs-02880.jpg
967,imgs-02881.jpg
968,imgs-02882.jpg
969,imgs-02883.jpg
970,imgs-02884.jpg
971,imgs-02885.jpg
972,imgs-02886.jpg
973,imgs-02887.jpg
974,imgs-02888.jpg
975,imgs-02889.jpg
976,imgs-02890.jpg
977,imgs-02891.jpg
978,imgs-02892.jpg
979,imgs-02893.jpg
980,imgs-02894.jpg
981,imgs-02895.jpg
982,imgs-02896.jpg
983,imgs-02897.jpg
984,imgs-02898.jpg
985,imgs-02899.jpg
986,imgs-02900.jpg
987,imgs-02901.jpg
988,imgs-02902.jpg
989,imgs-02903.jpg
990,imgs-02904.jpg
991,imgs-02905.jpg
992,imgs-02906.jpg
993,imgs-02907.jpg
994,imgs-02908.jpg
995,imgs-02909.jpg
996,imgs-02910.jpg
997,imgs-02911.jpg
998,imgs-02912.jpg
999,imgs-02913.jpg
1000,imgs-02914.jpg
1001,imgs-02915.jpg
1002,imgs-02916.jpg
1003,imgs-02917.jpg
1004,imgs-02918.jpg
1005,imgs-02919.jpg
1006,imgs-02920.jpg
1007,imgs-02921.jpg
1008,imgs-02922.jpg
1009,imgs-02923.jpg
1010,imgs-02924.jpg
1011,imgs-02925.jpg
1012,imgs-02926.jpg
1013,imgs-02927.jpg
1014,imgs-02928.jpg
1015,imgs-02929.jpg
1016,imgs-02930.jpg
1017,imgs-02931.jpg
1018,imgs-02932.jpg
1019,imgs-02933.jpg
1020,imgs-02934.jpg
1021,imgs-02935.jpg
1022,imgs-02936.jpg
1023,imgs-02937.jpg
1024,imgs-02938.jpg
1025,imgs-02939.jpg
1026,imgs-02940.jpg
1027,imgs-02941.jpg
1028,imgs-02942.jpg
1029,imgs-02943.jpg
1030,imgs-02944.jpg
1031,imgs-02945.jpg
1032,imgs-02946.jpg
1033,imgs-02947.jpg
1034,imgs-02948.jpg
1035,imgs-02949.jpg
1036,imgs-02950.jpg
1037,imgs-02951.jpg
1038,imgs-02952.jpg
1039,imgs-02953.jpg
1040,imgs-02954.jpg
1041,imgs-02955.jpg
1042,imgs-02956.jpg
1043,imgs-02957.jpg
1044,imgs-02958.jpg
1045,imgs-02959.jpg
1046,imgs-02960.jpg
1047,imgs-02961.jpg
1048,imgs-02962.jpg
1049,imgs-02963.jpg
1050,imgs-02964.jpg
1051,imgs-02965.jpg
1052,imgs-02966.jpg
1053,imgs-02967.jpg
1054,imgs-02968.jpg
1055,imgs-02969.jpg
1056,imgs-02970.jpg
1057,imgs-02971.jpg
1058,imgs-02972.jpg
1059,imgs-02973.jpg
1060,imgs-02974.jpg
1061,imgs-02975.jpg
1062,imgs-02976.jpg
1063,imgs-02977.jpg
1064,imgs-02980.jpg
1065,imgs-02981.jpg
1066,imgs-02982.jpg
1067,imgs-02983.jpg
1068,imgs-02984.jpg
1069,imgs-02985.jpg
1070,imgs-02986.jpg
1071,imgs-02987.jpg
1072,imgs-02988.jpg
1073,imgs-02989.jpg
1074,imgs-02990.jpg
1075,imgs-02991.jpg
1076,imgs-02992.jpg
1077,imgs-02993.jpg
1078,imgs-02994.jpg
1079,imgs-02995.jpg
1080,imgs-02996.jpg
1081,imgs-02997.jpg
1082,imgs-02998.jpg
1083,imgs-02999.jpg
1084,imgs-03000.jpg
1085,imgs-03001.jpg
1086,imgs-03002.jpg
1087,imgs-03003.jpg
1088,imgs-03004.jpg
1089,imgs-03005.jpg
1090,imgs-03006.jpg
1091,imgs-03007.jpg
1092,imgs-03008.jpg
1093,imgs-03009.jpg
1094,imgs-03010.jpg
1095,imgs-03011.jpg
1096,imgs-03012.jpg
1097,imgs-03013.jpg
1098,imgs-03014.jpg
1099,imgs-03015.jpg
1100,imgs-03016.jpg
1101,imgs-03017.jpg
1102,imgs-03018.jpg
1103,imgs-03019.jpg
1104,imgs-03020.jpg
1105,imgs-03021.jpg
1106,imgs-03022.jpg
1107,imgs-03023.jpg
1108,imgs-03024.jpg
1109,imgs-03025.jpg
1110,imgs-03026.jpg
1111,imgs-03027.jpg
1112,imgs-03028.jpg
1113,imgs-03029.jpg
1114,imgs-03030.jpg
1115,imgs-03031.jpg
1116,imgs-03032.jpg
1117,imgs-03033.jpg
1118,imgs-03034.jpg
1119,imgs-03035.jpg
1120,imgs-03036.jpg
1121,imgs-03037.jpg
1122,imgs-03038.jpg
1123,imgs-03039.jpg
1124,imgs-03040.jpg
1125,imgs-03041.jpg
1126,imgs-03042.jpg
1127,imgs-03043.jpg
1128,imgs-03044.jpg
1129,imgs-03045.jpg
1130,imgs-03046.jpg
1131,imgs-03047.jpg
1132,imgs-03048.jpg
1133,imgs-03049.jpg
1134,imgs-03050.jpg
1135,imgs-03051.jpg
1136,imgs-03052.jpg
1137,imgs-03053.jpg
1138,imgs-03054.jpg
1139,imgs-03055.jpg
1140,imgs-03056.jpg
1141,imgs-03057.jpg
1142,imgs-03058.jpg
1143,imgs-03059.jpg
1144,imgs-03060.jpg
1145,imgs-03061.jpg
1146,imgs-03062.jpg
1147,imgs-03063.jpg
1148,imgs-03064.jpg
1149,imgs-03065.jpg
1150,imgs-03066.jpg
1151,imgs-03067.jpg
1152,imgs-03068.jpg
1153,imgs-03069.jpg
1154,imgs-03070.jpg
1155,imgs-03071.jpg
1156,imgs-03072.jpg
1157,imgs-03073.jpg
1158,imgs-03074.jpg
1159,imgs-03075.jpg
1160,imgs-03076.jpg
1161,imgs-03077.jpg
1162,imgs-03078.jpg
1163,imgs-03079.jpg
1164,imgs-03080.jpg
1165,imgs-03081.jpg
1166,imgs-03082.jpg
1167,imgs-03083.jpg
1168,imgs-03084.jpg
1169,imgs-03085.jpg
1170,imgs-03086.jpg
1171,imgs-03087.jpg
1172,imgs-03088.jpg
1173,imgs-03089.jpg
1174,imgs-03090.jpg
1175,imgs-03091.jpg
1176,imgs-03092.jpg
1177,imgs-03093.jpg
1178,imgs-03094.jpg
1179,imgs-03095.jpg
1180,imgs-03096.jpg
1181,imgs-03097.jpg
1182,imgs-03098.jpg
1183,imgs-03099.jpg
1184,imgs-03100.jpg
1185,imgs-03101.jpg
1186,imgs-03102.jpg
1187,imgs-03103.jpg
1188,imgs-03104.jpg
1189,imgs-03105.jpg
1190,imgs-03106.jpg
1191,imgs-03107.jpg
1192,imgs-03108.jpg
1193,imgs-03109.jpg
1194,imgs-03110.jpg
1195,imgs-03111.jpg
